City,PointX,PointY
גני יוחנן,184689.8424,640598.3157
גינתון,191979.3488,652283.0239
בקוע,193011.064,637420.984099999
שיבולים,162693.9971,589541.003599999
יטבתה,205802.5761,422945.231799999
אלוני יצחק,200595.2219,712940.763699999
גבעת השלושה,192757.5546,667235.4724
עינת,194402.6419,665537.9947
גאולי תימן,190965.0013,699863.384
שלווה,177987.8062,608104.479699999
כפר עבודה,194659.4059,684953.814200001
בית חירות,188109.4312,698113.5241
עין שריד,194161.0407,686704.4932
רמת פנקס,185173.8553,660245.161599999
שדה בוקר,180176.4963,531258.2861
איתנים,209155.4018,631742.607100001
כפר הרי"ף,180385.2635,628623.860400001
כפר חסידים ב',208475.0945,739786.043
כפר הנוער הדתי,209591.9879,738690.7875
עבדון,217396.3796,772695.726
שבלי - אום אל-גנם,237664.1877,732430.7217
ישע,143039.9553,573167.359999999
שגב,223975.7452,752343.625499999
גבעת ישעיהו,195111.3839,619800.504699999
שער מנשה,201808.8061,706330.344000001
רכסים,209829.0615,739714.7511
ביאדה,215846.823,718130.4429
סואעד (חמרייה),216014.7262,741410.7245
בסמת טבעון,214111.849,738463.3862
זרזיר,221209.1244,736751.051000001
כעביה-טבאש-חג'אג'רה,218227.8054,739179.6818
חמאם,246182.4972,748380.367000001
מנשית זבדה,218361.6423,734555.8222
רומת הייב,228687.1679,742749.8453
ביר אל-מכסור,221185.2399,743199.3408
מבשרת ציון,214351.3104,634161.532299999
אור עקיבא,192733.2338,712852.6589
חרוצים,187449.0921,681582.221799999
שדרות,161833.935,603908.422
קריית מלאכי,176040.5163,626749.905200001
יעף,196866.434,686007.204500001
שתולה,229700.4202,776725.0897
אוהד,145870.187,571970.8606
חזון,237298.0292,756803.8815
רמת אפעל,184560.6303,661587.003
בית חשמונאי,192280.3342,644066.4703
תלמי אליהו,145607.0006,571009.6995
קטורה,205644.17,431208.132200001
תל שבע,186662.882,572992.2915
נווה זוהר,234706.3517,562358.189400001
שדה ניצן,144671.1458,571211.336200001
כסיפה,207606.6299,572578.662
לקיה,187125.805,581394.8462
נצרת עילית,230546.4225,735559.382999999
נווה אפרים,188239.8563,659169.166099999
מעלות-תרשיחא,226714.9734,769195.974400001
אמירים,242366.9153,760379.328500001
בני עי"ש,177384.7622,633021.2662
דוב"ב,238607.7661,773207.0524
אדמית,220908.5699,776728.4978
רם-און,224634.0425,714863.577500001
אביעזר,201548.1084,621011.669500001
נווה מיכאל,200615.7508,620084.772399999
גן הדרום,171773.0599,634707.9923
בית ברל,193259.8164,678680.683700001
צפרירים,194679.6924,618694.030999999
מבועים,167139.8642,595376.522299999
אבן מנחם,227793.2052,775477.6917
מעגלים,161844.3753,589587.1195
תושייה,156354.0397,593719.2223
בן שמן (כפר נוער),193301.4203,651891.627
כרם שלום,131804.5047,571062.851
כרם יבנה (ישיבה),173744.4758,636398.6186
דבורייה,235152.6579,732791.0649
דיר אל-אסד,225212.3137,760283.521500001
דייר חנא,234752.5233,752012.874399999
דייר ראפאת,195095.5816,631539.980599999
עיר כרמל,205241.3949,733215.2871
חורפיש,232560.5866,769061.775
טייבה (בעמק),242022.8742,723299.659600001
טורעאן,235447.0534,742524.0891
יפיע,226138.71,732192.452199999
ירכא,219244.0442,762158.1383
כאבול,219716.2985,753040.9715
כאוכב אבו אל-היג'א,223568.6756,748427.547800001
כפר כמא,241538.9848,736357.6193
כפר כנא,232322.5469,739208.944499999
כפר מנדא,224987.5142,745971.481000001
עילוט,224843.0972,735961.013900001
כפר מצר,239941.9693,727924.869100001
עין ראפה,210858.0643,633073.363
שגור,224164.2381,758417.6886
מזרעה,209563.647,765487.9937
מעיליא,224389.0548,770218.0536
משהד,230473.8104,738514.9879
נחף,230128.9439,759993.9377
ניין,233024.9153,726284.275
נאעורה,237123.2123,724072.351600001
סאג'ור,232569.8751,760706.5669
סולם,231682.441,723597.8325
שזור,233295.093,759733.8705
עוזייר,230715.1183,743950.68
אעבלין,217698.5064,747992.6929
עיילבון,238039.8166,748961.989499999
עראבה,232032.5197,750712.903899999
פסוטה,229333.2796,772551.3639
פקיעין (בוקייעה),230760.5077,764848.1303
פוריידיס,195837.9692,722655.0405
שעב,222286.1817,755123.863299999
רומאנה,229404.687,743702.640000001
ריחאנייה,245924.12,772650.163799999
ג'סר א-זרקא,191938.783,715875.886399999
ריינה,229221.4762,736335.1598
ראמה,234639.333,760382.112400001
עין אל-אסד,237689.1396,760616.330499999
גנות הדר,190800.2601,691836.688300001
ניר בנים,176848.3685,619991.830499999
שדמה,175657.7747,637815.8731
בוסתן הגליל,208071.1736,761722.983999999
בית אלעזרי,181482.7337,639141.1654
משמר דוד,190761.8107,636715.2684
רבדים,182704.6549,631108.215299999
אזור,181998.359,658918.599300001
גבעת שמש,195497.4144,631421.687799999
צרעה,197216.428,629926.145400001
מעונה,224829.7152,769128.7992
בית העמק,213907.4024,763978.141000001
מבקיעים,159667.3783,614507.0196
גשר הזיו,210645.2286,771777.3292
יסעור,215907.3475,756209.497400001
כברי,214065.3807,769480.389900001
יד בנימין,183245.4937,633953.7729
סאסא,240963.5536,774011.34
כפר ראש הנקרה,211087.6329,776761.777100001
כרם מהר"ל,199345.8995,728006.5681
כפר הנגיד,176368.9909,643877.0974
לביא,242709.7217,743620.0287
מגידו,217332.3085,720585.540999999
סביון,188623.476,661540.528000001
בני ראם,180283.4546,630885.987600001
בצת,212919.0741,775052.9878
נווה אור,252167.2453,721571.9516
עשרת,176175.7037,636961.0353
ערוגות,178489.7694,626925.8837
צפרייה,186526.6428,656726.961999999
לוחמי הגיטאות,209502.6603,763030.192299999
מלכייה,248068.4339,778113.679199999
פלמחים,172448.3405,648880.802300001
בית קמה,177326.3193,595002.7015
פרוד,240905.5827,759187.714299999
נירים,142528.9399,582818.3956
אלקוש,230598.0172,770916.0746
בית עריף,193946.8157,655882.464400001
כפר שמאי,243077.5877,762438.8473
מזור,193089.8386,662138.5537
מירון,241758.33,766194.9418
כפר חושן,241419.0632,768319.083699999
סתרייה,185456.7221,644258.6063
צרופה,195378.769,728295.024499999
ציפורי,226399.1552,739201.694399999
שומרה,226981.8744,776605.711100001
קדרון,180775.7513,635924.861
רינתיה,193352.4273,661275.4308
ברקאי,202991.4249,709024.580499999
חדיד,193837.108,652843.2711
ג'ש (גוש חלב),242097.3848,769743.609099999
כפר יאסיף,215510.9604,762047.638599999
עין נקובא,211617.6739,633520.054300001
עין מאהל,233351.0543,736399.480799999
טמרה (יזרעאל),238193.1228,726706.2608
בית גמליאל,177519.5805,640578.3027
זיקים,154671.2864,613097.5396
בני דרום,171001.0597,636524.1193
בית גוברין,190167.2719,613365.4715
משואות יצחק,170790.6718,623486.1207
עין צורים,173397.0605,622643.051000001
ג'לג'וליה,195929.7753,673056.554500001
גת,203784.0124,700593.3576
כפר ברא,197420.2697,670877.550000001
כפר קאסם,197895.7064,669039.7282
מוקייבלה,228102.2377,713339.2565
צנדלה,230547.1696,714304.4586
ערערה,208868.9911,711863.470899999
ברטעה,208978.7168,708808.482000001
זלפה,217684.286,717225.5615
מוצמוץ,214826.461,716675.043099999
מועאוויה,210032.1347,715268.300100001
סאלם,218912.669,716568.243000001
מושיירפה,214966.9907,717722.6809
מצר,204751.9157,705158.6053
מייסר,204234.9919,705622.2599
אבטין,210840.2334,740837.100400001
כפר קרע,204987.2961,712313.8939
שייח' דנון,214181.2779,766550.417099999
שער אפרים,200005.2925,688438.048800001
חוסן,228331.8121,766993.160499999
טירת יהודה,193844.1644,657817.387599999
כרם בן זמרה,244360.7374,771016.529999999
תקומה,160141.1022,595666.176899999
עומר,185311.6706,575265.2224
ברעם,237073.2187,769649.2928
מפלסים,158530.0141,601141.3781
משמר איילון,194885.1045,642129.2305
בית נקופה,212053.6495,634614.047700001
לימן,210742.1783,773953.1774
הבונים,194004.5291,727416.0219
עין השלושה,143051.768,584691.5197
הסוללים,222560.3945,739707.7356
מעגן,256610.4019,734707.0814
אביאל,199601.2081,715302.0557
אומץ,199744.6665,697348.064300001
גבעת שמואל,186286.7239,664934.062899999
אליקים,206598.2443,726421.678400001
גבע כרמל,196291.6376,729877.056
בניה,176648.8646,638983.2245
נווה ימין,194480.4416,675390.746300001
עין איילה,195351.3234,726147.6394
עלמה,247056.3142,773005.9913
מגדים,196438.7589,737184.2283
כפר אחים,177008.5558,628065.845100001
שפיר,174404.3368,622797.3278
נתיב הל"ה,198358.6352,621761.1754
מעגן מיכאל,192331.0143,718048.4179
מגן,145636.0448,578769.965600001
כפר חב"ד,185960.6209,655275.206499999
בארותיים,198799.6595,691994.148800001
בורגתה,196674.8772,692343.097899999
ניר ישראל,165570.8285,621804.025699999
חצב,178306.0119,632078.798800001
ארבל,245614.798,746460.4473
האון,258588.6284,736812.565199999
גבעת עוז,218890.43,717909.569800001
נחשונים,195283.5666,663129.4231
גיאה,162443.1393,615225.782299999
כפר דניאל,193697.1247,648892.454700001
עמקה,215540.091,764885.168400001
תפרח,169254.5715,581666.049000001
בית זית,215426.3387,632187.965600001
עזריה,191619.9176,644087.843800001
בן עמי,211910.0542,767867.6546
רעים,148686.0168,588428.354699999
ארז,158912.2013,607710.6558
להבות חביבה,201124.2522,700137.920600001
אייל,198187.8963,679740.883199999
חגור,195189.0253,671637.5485
ירחיב,197230.2079,673333.363500001
תל קציר,258202.8815,734603.6395
ניר גלים,169792.2556,636782.422900001
שדה אילן,240020.9134,739148.503
מגשימים,190577.5531,661547.282199999
בית הגדי,162631.2073,592691.164799999
הודייה,166088.4077,620480.6635
תלמי יחיאל,177547.7091,629121.4627
משמר השבעה,183539.959,657449.2212
אליפלט,251974.5185,761383.180600001
מישר,176809.9379,636277.1106
משמר הירדן,256409.3383,767824.5924
גן יאשיה,199697.8196,695099.711100001
רמות מאיר,186114.3743,642326.850400001
גילת,167013.022,581818.3958
עולש,198921.2526,693214.490700001
דור,193302.0542,723688.867799999
שדה עוזיהו,169437.3527,629548.3685
אשתאול,200917.9993,632111.263599999
שואבה,207480.7503,633939.152799999
מסילת ציון,201154.8884,634434.7388
כפר שמואל,193715.7108,644151.861199999
תלמי יפה,163750.69,613861.316500001
יראון,242819.2916,775822.055
קלנסווה,198236.2832,687903.887599999
עין א-סהלה,211223.9962,710717.0995
כפר טרומן,192935.7899,654189.0295
היוגב,219617.1421,724171.047800001
גמזו,194527.3743,648392.312999999
ברכיה,164577.9452,619837.814999999
בית שקמה,162926.4921,616326.4024
מסלול,160863.614,581458.725199999
פטיש,158063.4723,581862.160499999
פדויים,163054.3389,581841.0165
בית מאיר,203581.7059,633510.395
תעוז,197688.5351,634266.771400001
ינוב,195485.7153,690401.482000001
בית עזרא,167435.8132,627243.808499999
מצליח,188255.9811,645923.982100001
יד חנה,200825.4644,692450.3927
יציץ,186967.0963,641203.4846
בן זכאי,174451.8753,640480.188100001
שובה,156706.4634,595837.411699999
בטחה,164986.2495,582657.988
שתולים,170148.8636,631342.6175
כפר מרדכי,176934.8337,637703.3707
קוממיות,174483.7187,618970.757999999
פורת,195613.5615,687073.4694
כרמייה,156607.3687,612617.998
ניר עציון,199501.4606,734053.6118
מבוא ביתר,209887.2053,625592.7016
אמונים,169375.6371,627994.0195
עמיקם,202220.1555,718820.434
צוריאל,229515.145,768167.079600001
יד נתן,172060.4014,618186.853599999
מחסיה,200765.1194,628371.473999999
נחשון,195789.3463,637613.509299999
תרום,198356.8591,632312.2874
עמינדב,213532.1609,628771.602600001
אורה,214629.5058,629142.339299999
אבן ספיר,212705.9059,629974.6239
בית נחמיה,195898.3517,653633.1987
אחיהוד,217600.8722,756902.620999999
כפר זיתים,243507.105,746127.841499999
גבעת יערים,208819.8327,632664.429
זיתן,189753.9611,653664.637700001
רנן,162030.9235,583054.232999999
משען,164405.3498,618461.3586
נתיב השיירה,213063.2292,766533.742000001
גבעתי,169741.1244,626788.4319
עגור,191807.1285,622743.278899999
יערה,217683.0246,774707.7348
צלפון,193607.5133,634688.498600001
אחיעזר,188015.0726,654283.3452
יגל,188709.4192,655068.3423
זכריה,194845.4381,624159.2114
בית חנניה,193285.5697,715000.082900001
חמד,184921.5408,658520.886700001
גבעת כ"ח,194110.9748,659680.590700001
יושיביה,162876.2164,594712.517999999
אחיסמך,191375.7867,649122.737600001
ישעי,196816.9265,628771.0743
עין יהב,222776.9673,507799.7017
חניאל,195334.6765,693284.1018
ניר אליהו,195371.0858,678193.961300001
נחם,200374.9303,630412.510399999
עופר,198547.7061,725368.4253
יכיני,162022.1134,599145.3664
שלומי,214152.7635,775691.684800001
עין יעקב,221611.3544,768496.561100001
תלמים,168963.2379,608137.5529
זבדיאל,177328.5549,618587.813899999
עזריקם,171400.491,628851.3531
זרחיה,175990.3877,621094.0503
אביגדור,175766.5528,624230.558900001
חלץ,167574.2161,609667.288899999
אחוזם,178241.7765,606942.575200001
מטע,205894.1971,625028.577500001
בר גיורא,206863.9748,626338.3005
כוכב מיכאל,168635.3212,615355.232899999
נס הרים,205287.4644,628044.137
עוזה,177673.7591,611236.420299999
נווה מבטח,175520.8379,634841.6427
ישרש,185541.9543,646931.2697
מבטחים,143629.3474,572318.8848
ירוחם,193294.5292,544193.4059
נורית,233751.604,716400.9581
גנות,183938.6221,658360.661699999
עזריאל,197435.8792,685378.281300001
פדיה,188897.4322,640598.4899
פתחיה,189422.4019,641601.884500001
כיסופים,142951.1235,587239.8199
אלישמע,193368.0674,673231.090500001
געש,184004.0026,681865.5064
מרגליות,251250.9775,791475.589600001
נחל עוז,152292.1164,598029.1589
כפר עזה,155653.3818,599192.043400001
שפר,241036.4249,761049.8971
בית רבן,174474.3565,636117.8696
דבירה,183434.4311,591155.941400001
אחיטוב,199347.8665,699336.5415
ניצני עוז,200596.5498,690211.874399999
גונן,260683.65,780918.5978
גאליה,177991.941,643629.059800001
רחוב,246205.7313,706399.669600001
שעלבים,198560.2976,642068.113299999
גורן,222337.9988,773575.603399999
משגב דב,175432.2856,636496.407199999
כפר אביב,173692.2097,637678.740700001
נווה ירק,193034.5752,671321.422700001
כסלון,204772.5769,631240.439999999
שדה אליעזר,252977.6545,772298.5724
כפר מימון,156719.9613,592848.3806
מרכז שפירא,172413.2442,622832.2958
צוקי ים,186917.7034,696440.6469
גני הדר,186283.0894,642911.824899999
פורייה - כפר עבודה,251466.0942,735892.716499999
פורייה - נווה עובד,250681.3116,738794.594699999
אומן,223019.2055,718791.4351
חבר,225087.5633,717061.7892
יודפת,225819.5717,749129.7358
צור הדסה,209086.2715,624896.6127
שריגים (לי-און),193912.5459,620571.024599999
אביבים,244370.017,777000.8868
אוהלו,253945.1667,735828.8061
אדרת,199589.5604,618670.637599999
נאות הכיכר,236508.3594,538457.016899999
אלמגור,256666.1455,757386.129699999
מגדל העמק,223063.1612,731645.4279
מדרשת רופין,191944.1195,694253.466399999
טובא-זנגרייה,255509.432,763393.2063
גיזו,194273.9456,634717.221999999
עין חצבה,224000.1355,523168.638800001
זמרת,157500.6879,595318.006899999
גבעת שפירא,188681.3263,696211.336999999
מעלה גלבוע,239621.4717,709130.1779
מי עמי,213903.5565,712111.089299999
גרופית,206083.3875,427809.8487
כפר רוזנואלד (זרעית),227250.5395,778189.2601
שניר,263514.8169,793978.8138
ורדון,179360.6567,619165.472100001
יד השמונה,208718.0425,634988.570900001
צוחר,145065.0754,572027.030200001
קריית יערים,209498.9647,634504.9904
יעד,223171.7339,753648.799699999
כרמיאל,228178.6001,757647.721100001
מבוא מודיעים,198882.2128,649017.5264
נס עמים,211650.2511,763525.5986
אלומה,175780.2704,617801.725400001
עלומים,153766.5455,595736.3453
נטועה,230945.904,774395.0755
צור נתן,200441.871,682996.002699999
עזר,168888.4726,627263.211300001
צופר,217213.6329,496627.173800001
פארן,214550.5162,475124.2086
אשלים,171934.0128,542216.129899999
מלכישוע,239049.4249,704923.758300001
מגן שאול,229141.5415,714121.171399999
סמר,201903.9315,415937.0769
אחווה,178182.3646,627977.749
יהל,212232.5981,443860.0525
שכניה,223461.6369,750398.759199999
רהט,176800.2174,589074.042300001
מורן,237269.6733,758309.0118
שילת,201917.3526,647250.517100001
כפר רות,203013.3656,646325.8698
קיסריה,191520.6502,712527.239800001
לוטם,233771.1595,754097.5141
תובל,223358.2826,759439.7742
לפידות,225179.7679,762887.646500001
מנוף,222588.6912,750892.9912
ספיר,217900.1965,501948.5934
טללים,178163.7989,544721.2849
מורשת,222232.7815,748024.1856
קורנית,223925.7787,749923.5584
צביה,231300.0705,755007.1524
טל-אל,217058.675,759095.7039
אלון הגליל,220937.5151,740491.9234
 ,200993.5077,727046.4201
 ,200044.3976,626657.056700001
 ,210465.4361,735337.5779
 ,180621.4963,630017.4529
 ,229186.5755,717576.602700001
כליל,219001.5666,765039.5945
פלך,222078.4113,759798.592
הושעיה,227670.3258,740401.707900001
עיר אובות,223476.5915,524333.624700001
אשחר,228253.0448,754325.119899999
מצפה נטופה,236482.6955,745359.6664
בר יוחאי,241579.5065,766940.8554
ערערה-בנגב,202086.4558,562678.508199999
נאות סמדר,202364.3282,440090.795299999
כרמים,192166.4012,582403.2205
יזרעם,159383.0691,594753.1822
שחר,174055.2462,614374.1559
תירוש,189296.5782,628706.5462
ניר ח"ן,172979.1726,613100.609200001
חצבה,226695.9368,519702.682700001
נועם,179952.7855,608482.5485
בית ניר,188139.3348,617259.894300001
שדה משה,181900.1782,613140.157400001
אמציה,191832.3881,604621.8355
לכיש,184995.4976,608045.8115
ראש פינה,251124.8475,763833.998299999
שדות מיכה,192559.9596,625421.7183
מזכרת בתיה,185209.0031,639885.074999999
יסוד המעלה,256591.1708,773575.195800001
אופקים,163974.6731,580058.719900001
עוצם,172020.0748,616174.281300001
בת שלמה,200584.6818,722914.774900001
גדות,258268.892,769280.7806
שדה דוד,169992.6811,609377.122400001
איתן,176129.4122,608995.5122
גפן,188573.9616,627622.8073
אליכין,193151.594,701557.8923
מטולה,253978.1309,798400.992699999
זוהר,170872.6085,611622.024499999
יבנאל,247225.7572,735024.412900001
כפר תבור,239775.7369,732658.4737
מנחמיה,252358.0556,730294.203199999
אילנייה,238395.7952,740009.66
גבעת עדה,200737.354,713934.718
לוזית,189334.183,621634.365800001
עתלית,195102.9659,733568.2809
נוגה,171013.912,614707.211300001
כנרת (קבוצה),253281.1933,735474.497300001
מצפה,247996.7754,743989.7478
אילות,196090.4628,388091.1479
בכורה,245715.9276,705972.7917
ידידה,209955.9476,635464.2212
כישור,223676.971,761180.6107
בית רימון,231214.975,743117.4497
עידן,228478.0087,523679.0308
 ,206326.7663,735818.109999999
מתת,233804.9398,771715.1536
נחושה,195801.1524,615307.9978
דגניה א',254173.8914,734861.7158
כנרת (מושבה),253173.3122,736464.038899999
מגדל,247844.6594,749114.6358
מרחביה (קיבוץ),229194.7262,723523.6592
אור הנר,162235.9645,607292.327500001
ניר עוז,143067.779,580347.405400001
אשדוד,166709.5729,633639.8816
אשבול,168379.5619,595020.8167
גן שמואל,195683.5831,706124.9441
עין הוד,198658.9126,733961.5865
כפר גלעדי,254079.8765,794121.939400001
איילת השחר,254424.5008,769781.0285
דגניה ב',254251.3829,734008.3325
נהלל,218425.7995,732855.0118
עין חרוד (מאוחד),236924.7909,718153.8358
תל יוסף,237801.1603,717935.746099999
כפר יחזקאל,233952.2323,719167.731899999
גבע,235284.259,719141.886399999
כרם בן שמן,194172.366,651670.931600001
עין חרוד (איחוד),236930.3531,718982.320499999
גיניגר,224608.6585,729931.1129
בלפוריה,228106.8885,726187.295
בית אלפא,240867.0627,713694.903899999
יגור,207410.6351,738737.9552
מרחביה (מושב),230042.131,723401.937200001
כפר מל"ל,190213.64,674930.5612
מצפה רמון,180877.322,502898.061799999
תל עדשים,228664.0746,729308.4586
מזרע,227226.6525,728507.6667
כפר גדעון,227594.2101,727746.5337
אדירים,225862.5746,717224.439099999
חופית,188397.7964,699110.2421
רמת ישי,215823.4391,734325.3938
שריד,221327.1853,729656.0547
רמת רחל,220961.1329,627476.074899999
גת רימון,189106.0534,663988.025699999
משמר העמק,213847.185,723911.873600001
כפר ברוך,218123.252,728029.4893
גבת,220239.4916,731142.662
יפעת,221302.5731,731527.600299999
רמת דוד,219267.6683,731558.077500001
עין שמר,201112.6208,706983.3959
כפר יהושע,214619.0476,731874.0086
ברק,225135.3067,716514.823000001
שדה יעקב,213469.2968,733683.8784
בית זרע,254046.7561,732804.115
גן שלמה,181025.9225,642887.9036
גדיש,223294.2079,718286.5383
דבורה,224994.4559,717663.602600001
גבעת ברנר,181298.7027,641520.978499999
תל מונד,192193.7695,684352.8136
באר טוביה,173535.0832,626695.161599999
עיינות,178210.3254,647214.044299999
עין ורד,193744.1564,685664.395500001
נען,186412.0304,643445.283199999
בית חנן,178628.8192,649114.1656
חולדה,188984.1364,637585.6482
חירות,192296.0202,682946.3114
תימורים,177362.1274,624930.962300001
מלאה,222490.45,718838.7267
ניר יפה,223407.3004,719546.628
גן יבנה,172599.8852,633161.624
עין החורש,194572.406,699161.351500001
כפר יונה,193529.6504,691415.331700001
כפר יעבץ,196935.7062,686839.9493
פרדסייה,191724.4646,690272.572000001
גבעת חיים (מאוחד),193771.7002,699725.8391
נטעים,178640.2285,649927.053300001
אביחיל,188180.5471,695185.875299999
אפיקים,254500.8173,731829.978599999
כפר ביל"ו,183651.5605,642293.616900001
רמת יוחנן,211768.3628,744217.9168
כפר אז"ר,185119.0066,662936.0823
אבן יהודה,189239.4343,686099.739
ירקונה,190771.7663,672700.7248
רמת הכובש,194384.5797,680507.7532
נעורים,187195.6558,697636.8247
כפר הס,194372.2104,683934.9428
אשדות יעקב (מאוחד),254877.2893,730174.836999999
כפר פינס,200441.026,710057.386399999
כפר ויתקין,189255.9319,698784.706800001
הדר עם,190780.4774,695118.9098
כפר החורש,225919.5499,734111.580800001
כפר חיים,190755.1634,695756.487600001
משמר השרון,192664.1729,695737.320800001
צורן-קדימה,191817.2593,687347.563200001
גיבתון,181187.7807,644051.459100001
מעברות,191287.3335,696675.2421
צופית,192872.9403,677686.6921
אשדות יעקב (איחוד),254664.3698,729527.379799999
בית ינאי,187358.5238,698497.1478
בית עובד,178362.8574,647952.6865
אלישיב,191693.1252,698387.625800001
חגלה,193226.0221,699217.1667
רמות השבים,188615.5121,674385.8029
יד רמב"ם,190802.0886,645330.3419
קריית ענבים,211430.6348,635368.7541
חפצי-בה,240155.6708,713942.1088
מאיר שפיה,197454.5557,721900.0001
גבעת ח"ן,188109.056,674964.180400001
משמרות,198712.4928,710368.6132
כפר הרא"ה,191857.6433,699613.1654
גני עם,190906.0176,673176.3478
חיבת ציון,192229.0348,700399.314099999
כפר ביאליק,208441.8993,747335.1219
עין עירון,201370.8508,709877.0626
שושנת העמקים,186753.5313,695635.0064
גן השומרון,200343.0627,707680.543400001
גני תקווה,188291.1059,663158.4618
שפיים,183906.7427,680760.1249
ביצרון,174546.7671,633756.0593
 ,198236.4854,402374.734200001
 ,197484.6849,736023.122500001
חבצלת השרון,187283.4867,696334.9737
שער העמקים,210881.9255,736467.7837
גן חיים,191306.6817,678006.1548
יקנעם עילית,209477.0934,728607.382300001
יקנעם (מושבה),211065.5688,729180.0766
בית השיטה,241446.9705,717322.0781
נתיבות,160873.8907,592338.6209
רשפון,183624.1126,678607.133400001
בית שערים,216935.1065,733475.2717
כפר סירקין,193067.3836,664842.461200001
הזורע,211590.6742,727648.036599999
ביתן אהרן,188041.8169,696789.451400001
חולתה,257342.6646,772997.7618
כפר המכבי,212213.8145,742736.446
כפר חיטים,247485.0024,745350.492900001
ניר דוד (תל עמל),243086.1214,712305.7784
נופך,192648.1969,661166.3934
שדה נחום,245509.4276,714603.5265
גינוסר,251888.4039,753030.682600001
מסדה,256414.2427,732123.821
שער הגולן,256908.3735,732593.323999999
בית יוסף,251978.5931,718392.0757
כפר שמריהו,183659.0209,676998.0385
טירת צבי,249945.3473,703121.719599999
מולדת,241735.3622,721307.863700001
עין השופט,209693.9178,722378.3177
מעוז חיים,252042.5728,711051.705600001
עין גב,260351.8196,742667.142899999
כפר מנחם,184369.496,626698.175100001
צור משה,192189.645,689345.9932
אושה,210993.7409,744585.280099999
חניתה,216614.9411,776954.5996
פקיעין חדשה,230524.5072,765396.649599999
שדה ורבורג,191058.1211,679295.407299999
אלונים,214090.119,735765.904300001
מעלה החמישה,210673.813,636098.0485
תל יצחק,188445.4597,683625.4333
בית יהושע,187377.3449,685223.4312
עין המפרץ,210000.5286,756837.947000001
מעיין צבי,193517.6226,720244.310799999
שרונה,244040.9765,736928.370300001
שדה יואב,169847.4484,616877.784700001
כפר רופין,252490.7453,707233.272299999
נווה איתן,250265.1875,710909.690099999
כפר מסריק,209683.9497,754643.9981
מסילות,244828.909,711269.4833
דלייה,207270.6754,721688.1272
בית עוזיאל,190925.8262,642074.3234
דן,261269.0609,793938.6131
שדה אליהו,248575.9442,705261.838099999
גשר,251994.9713,725113.058700001
שדמות דבורה,241125.8473,733596.183599999
הזורעים,247358.1536,739136.545399999
מחניים,253650.3149,766143.780999999
נהורה,172087.6958,614603.9767
נווה ים,193801.3584,731706.1252
אפק,212282.1548,749428.502699999
נגבה,169999.0861,618923.755899999
כפר נטר,188126.5518,686953.2291
בית אורן,200782.1824,737471.253
עמיעוז,144109.5823,573264.9669
עמיר,258324.7262,786982.411800001
כפר ורבורג,174059.0218,625298.959100001
שאר ישוב,260663.719,792386.8379
מצובה,215075.9352,774152.2225
בית יצחק-שער חפר,189930.5909,693388.629799999
שדות ים,190142.1975,710768.184699999
שדה נחמיה,258542.4617,788023.0074
אלומות,251425.3198,734798.2631
ניר צבי,187179.7599,651133.342700001
קבוצת יבנה,173566.1417,635891.212400001
רמת השופט,209016.4927,724062.923
דורות,166410.3802,601665.004799999
גת (קיבוץ),180661.7106,615117.9572
גברעם,163314.2512,611217.4723
חמדיה,249811.4684,713541.1327
מענית,202695.3122,707125.0052
כפר סאלד,261672.1876,788887.558800001
מוצא עילית,215008.1184,633467.7754
כפר ידידיה,190745.7322,694659.126499999
שבי ציון,208107.8919,765023.710200001
אילון,220736.0217,774247.958799999
דפנה,259897.5142,792801.1686
כפר גליקסון,200717.3216,712433.6303
בית הלל,256823.2912,790452.0876
רמת צבי,239063.7058,721841.333699999
מנרה,251178.7476,788916.378699999
ניר עם,160681.8501,603069.445900001
גבולות,149069.0988,569005.4596
בית זיד,211106.519,734128.6918
רביבים,173336.2307,550308.433700001
חורשים,197394.1893,671683.6238
הגושרים,258230.9243,791934.065300001
כפר בלום,257272.491,786386.3506
יד מרדכי,158100.9204,610847.3814
ניצנים,165533.4836,624899.382300001
גבעת ניל"י,204101.9523,717065.9114
חפץ חיים,180942.4043,633075.169199999
כפר אוריה,195080.9556,633459.7941
בית קשת,237478.235,735720.831599999
שמיר,261953.6745,785558.3575
בירייה,247056.749,764899.3039
גלעד (אבן יצחק),207467.7981,718065.6963
גזר,192182.5011,642579.8968
רמות נפתלי,251969.5742,778436.381999999
בית הלוי,193798.1615,695570.549699999
חוקוק,246811.5567,753728.119200001
מגל,203533.9584,699085.934900001
המעפיל,198648.8786,698244.9537
משגב עם,251572.7576,794638.2919
גאולים,194985.8564,689496.34
להבות הבשן,260647.4,782983.510399999
עין הנצי"ב,247465.2353,708459.087300001
עמיעד,250933.771,759181.2553
בני דרור,190816.5478,685310.630000001
כפר מונש,192292.3213,694932.9915
כפר קיש,242401.3627,730281.5503
בצרה,188825.5324,680033.918299999
קדמה,178838.7756,623293.5635
גלאון,185630.0714,615712.754000001
שובל,175265.408,591302.611300001
משמר הנגב,173266.9205,585889.951199999
חצרים,172048.537,572067.512399999
שרשרת,162320.8026,590425.5298
בארי,151665.5292,592697.804400001
אבן שמואל,177552.7416,609355.9366
ניר יצחק,138773.8044,572044.489499999
אורים,154656.9674,579405.5878
נווה אילן,207797.4203,635019.2161
חצור-אשדוד,173607.9014,631154.293
דברת,233068.8551,728002.4933
יחיעם,220947.3179,766807.331599999
צאלים,155640.8656,568205.2271
קלחים,169376.5862,595198.5228
שוקדה,154792.6703,592494.2119
מעיין ברוך,257017.8859,793826.7458
יקום,185302.6218,683870.9988
בני ציון,188010.3494,680787.434599999
סעד,155866.8462,597789.5057
חרב לאת,192166.7589,700861.274599999
העוגן,193043.7513,696534.850299999
גבים,161877.679,601820.0472
 ,177492.1064,650324.033199999
 ,208246.7835,726095.456700001
 ,209947.8205,766495.6062
 ,209582.1551,764614.125600001
משמרת,192715.1574,681643.491599999
כפר גלים,196418.6581,741342.224099999
ברור חיל,166363.7036,607414.5954
אלוני אבא,216411.9372,737263.7632
בית לחם הגלילית,218280.1651,737741.1938
דלתון,245868.9486,769113.747099999
שמרת,209274.2037,761745.7623
נחשולים,192822.2537,724390.8265
החותרים,196277.707,739712.1164
עין דור,235680.1297,727402.206900001
רשפים,245055.7401,709697.865700001
שלוחות,245472.6506,708674.979900001
יסודות,186366.936,635915.516799999
גדעונה,233957.0001,717212.0078
כפר הנשיא,256752.44,764448.569
רגבים,203320.8312,714408.0977
אודים,185900.8392,685866.2929
נורדייה,190524.2872,691048.6238
בני עטרות,191994.6624,659031.829600001
נחלים,191830.5316,662814.0659
בארות יצחק,191668.1869,660942.9431
יזרעאל,230463.985,718568.682700001
יפתח,251833.8612,781363.645
סער,210596.0457,770416.143200001
שורש,206334.6186,633756.6855
גזית,242225.6201,727053.687799999
רמת רזיאל,207021.3814,631257.752499999
טל שחר,190959.5569,634819.6538
געתון,219339.2943,767989.3413
הראל,195529.3349,635247.139799999
ניצן,164989.5337,627653.189099999
רוחמה,172007.6644,600643.577
כדורי,238475.6407,734248.815199999
מכמורת,188175.4079,701342.8158
נבטים,188786.1318,570257.421
נאות מרדכי,256099.7414,785021.1807
משאבי שדה,179498.0171,546059.5419
עין כרמל,196134.0938,731428.877800001
נצר סרני,183538.8086,647849.113700001
רמות מנשה,205531.0348,722513.464299999
בית דגן,184075.685,656358.2498
קריית עקרון,183237.9637,641042.5539
אבו גוש,210530.1836,634809.2202
אבו סנאן,216132.0488,762880.2027
דחי,232577.4569,725215.630899999
אכסאל,230743.6301,731953.213199999
בית ג'ן,235645.1146,763353.111500001
מגאר,238156.6403,754808.513800001
בועיינה-נוג'ידאת,234897.8748,745967.175100001
בענה,226038.8807,759327.0559
ג'ולס,217242.9518,760706.806299999
יבנה,175183.9205,643019.1204
אום אל-פחם,214411.9772,714217.5506
טירה,196078.8477,682214.1712
טייבה,201165.1737,685873.0065
קריית שמונה,254097.5715,790699.2403
כפר עציון,211015.8648,617452.092
נתיב הגדוד,242242.1669,655042.7457
אלמוג,243825.4136,632805.2366
קדומים,215341.3016,680455.293099999
תומר,241898.276,658213.004799999
אלקנה,203479.0982,668771.8521
מגדל עוז,213674.9618,616320.2477
כוכב השחר,233122.4696,651764.009099999
רימונים,232343.7547,649001.351299999
יפית,244814.0627,663251.6175
סלעית,204903.1039,683237.8092
ריחן,213195.5808,708299.9109
מבוא דותן,216732.0962,702914.4789
אריאל,218263.8392,667925.356899999
שבי שומרון,217668.7336,685529.5561
חלמיש,212003.0998,656982.187200001
בית אל,221365.5644,649801.097999999
בית חורון,212273.1031,642657.4223
מצפה יריחו,237407.3233,635897.034600001
שדמות מחולה,250551.6519,694733.494200001
אלון מורה,231575.7609,682122.270400001
ארגמן,249396.9276,675501.512599999
מחולה,248834.3418,697248.282500001
ראש צורים,211833.649,619443.557600001
הר גילה,216054.7299,625628.8727
אלון שבות,211886.9567,618127.166300001
משואה,246601.0359,668941.3303
גלגל,242429.0524,656312.778999999
ייט"ב,240110.6708,650636.009400001
מעלה אפרים,238396.7005,664090.2095
מצפה שלם,238209.8307,608321.038799999
קריית ארבע,211536.6055,605088.6296
בקעות,243082.9562,683232.938899999
גיתית,237562.9057,667819.5789
מכורה,240123.1794,674270.8906
פצאל,242045.8299,661304.7948
מעלה אדומים,229789.1052,632389.463300001
עפרה,224872.4771,651110.9692
אלעזר,213454.5209,618784.999
רועי,245780.9255,683881.534
נירן,243476.1829,652845.9049
מעלה שומרון,206819.1113,674748.5375
כפר אדומים,232307.6179,636483.2656
ורד יריחו,240965.391,637148.223200001
קרני שומרון,209201.0402,675406.627
שילה,228244.1705,662251.250700001
חמש,218449.8893,690689.0781
חיננית,215857.3221,709695.5943
גבעון החדשה,215208.7795,639369.648499999
בית הערבה,245652.8264,635062.2609
חמדת,249813.7874,684218.887700001
יקיר,210991.8301,672898.134299999
מתתיהו,203123.7823,648461.7653
שקד,216467.8711,708885.1108
אפרתה,214871.8192,618748.726399999
מעלה מכמש,229136.2781,642981.7842
בית אריה,205005.9705,660351.575099999
מעלה עמוס,221870.2181,611566.173599999
ברקן,210835.2764,668175.509199999
כרמל,217635.7788,593376.0691
מעון,215687.4221,591294.9186
עטרת,216812.0797,656357.3599
פסגות,221380.3753,645097.68
עמנואל,213331.4811,674260.3157
מבוא חורון,203664.3474,639444.8388
ברכה,225196.4136,677706.8005
שא-נור,219210.0751,693693.052200001
ענב,212194.693,688040.872300001
נעמי,244237.4788,646367.3146
עלמון,227932.5882,637345.225299999
חרמש,211395.1109,703298.8905
נחל אלישע,245416.2843,646415.952400001
תלם,203006.1465,608016.5375
שערי תקווה,202664.1997,669951.932800001
נחל דורן,199299.863,603328.3298
אשכולות,190972.9045,588834.725
פני חבר,215751.6926,599305.5558
צובה,211432.6822,632395.480699999
|בית ג,מאל|,197846.56,625684.3576
ירושלים,219940.9424,631894.625700001
תקוע,221805.2732,617788.384400001
כפר תפוח,223741.3892,669573.0066
קליה,244346.2476,628705.724099999
חמרה,241232.0103,678394.940199999
נגוהות,198415.1222,600167.6635
נווה דניאל,213628.1068,620660.370999999
עלי זהב,206370.7046,664233.962300001
נחל גנת,225962.9876,708955.512399999
כדים,230225.9109,706216.7961
גבעת זאב,215787.0179,640628.1719
טנא,195964.3863,587103.860099999
מצדות יהודה,210722.6436,585806.375399999
קריית נטפים,210757.3721,669283.366
דולב,212718.7708,648156.9943
יצהר,222338.3601,675105.8796
אלפי מנשה,201522.8771,675346.1976
מגדלים,232462.9338,666323.6691
מעלה לבונה,222849.4369,662393.780099999
אספר,218244.2689,610510.608200001
סוסיה,210880.6042,588881.8018
גנים,231939.2814,706192.4486
אדורה,201743.4603,606695.5178
איתמר,229185.5198,675638.823000001
גבע בנימין,226205.6499,639669.207800001
חגי,207647.6841,600097.115
עלי,225889.7542,664592.060799999
כרמי צור,209557.8597,612933.418400001
נחליאל,213384.7407,653433.412599999
פדואל,205059.3778,663181.178200001
הר אדר,212359.3783,637113.6076
חשמונאים,202373.7212,648713.5319
כוכב יעקב,223157.8838,643095.1942
ביתר עילית,210802.7044,622870.840399999
קדר,229462.7606,628958.6326
רותם,249072.0451,693665.1899
נח"ל גבעות,209669.8032,620761.087300001
שמעה,201204.3725,588431.724199999
משכיות,247528.7754,691539.0754
אבנת,241406.5553,620762.206499999
נעלה,206206.4522,652213.571
טלמון,213035.7096,649407.986
נופים,209813.9689,673480.733999999
צופים,201036.8365,678299.6139
עפרים,204370.4783,658391.505899999
אבני חפץ,206992.1331,688057.5688
בת עין,209574.9898,618481.473300001
רבבה,212273.6029,669482.6975
כפר האורנים,203723.2294,647346.0659
מודיעין עילית,203998.4918,648758.5897
חיפה,200365.145,745249.6602
בוקעאתא,273188.5607,789583.009099999
אלי-עד,268313.0668,745333.7223
אל -רום,272350.2927,787201.988500001
כפר חרוב,262472.8498,740848.1796
חספין,274612.5844,750210.3222
קשת,276066.7335,764892.442
יונתן,274574.2819,760335.444599999
מעלה גמלא,264234.016,754316.798
שעל,267460.9753,780075.096100001
אודם,270329.0868,788776.534299999
אבני איתן,271964.7968,747777.9504
אניעם,269587.5042,762643.4014
אורטל,271481.9442,776744.0033
נטור,270851.3393,751046.9548
בני יהודה,264528.5794,744479.615800001
אלוני הבשן,278873.2264,772260.319
מיצר,269243.3737,741398.005000001
גבעת יואב,264148.5146,744997.4255
גשור,266673.2546,746479.1833
נחל נמרוד,270432.7661,794565.749600001
קלע,265544.8192,783666.893999999
קדמת צבי,265689.3042,770409.750700001
חד-נס,260132.5677,759674.9636
כנף,266033.1668,752995.2061
קצרין,264900.9699,766302.904999999
מרום גולן,273170.5994,782013.891100001
מג'דל שמס,272034.594,796902.476500001
מסעדה,270844.4023,793046.859999999
מבוא חמה,261703.0834,738015.5809
אפיק,266261.1921,742695.510299999
נווה אטי"ב,269539.4885,796400.357799999
נוב,273650.9895,748781.005000001
עין קנייא,268566.4184,793561.057
עין זיוון,274589.8455,777960.9418
נאות גולן,265012.4613,743548.4178
רמת מגשימים,276110.3289,750360.352299999
רמות,262172.2501,750887.4879
תל אביב -יפו,179131.2107,665171.124600001
ניסנית,155553.5309,607910.463099999
אלי סיני,152927.1216,610341.4333
דוגית,151598.2492,609183.600199999
באקה-ג'ת,203823.4398,702459.387700001
בני ברק,184603.3379,666033.6382
בת ים,176427.7583,657967.217700001
גבעתיים,182252.7894,664181.3992
הרצלייה,184617.0221,675120.737600001
חדרה,192817.0116,705024.4597
חולון,179669.837,657577.2191
טבריה,249561.8553,743663.832699999
קריית אתא,209895.943,745468.9047
נוקדים,223669.1202,617247.5353
עתניאל,202893.3869,594147.342800001
אורנית,199435.2472,670764.1741
עץ אפרים,204543.2826,669577.3675
לוד,189528.4806,650930.7141
אשקלון,159336.4091,619533.425799999
נס ציונה,181420.9785,648563.726
נצרת,227763.8583,733970.7599
נתניה,186635.6029,691055.0174
סח'נין,228459.456,752277.5736
עכו,208705.1435,759179.808700001
עפולה,228936.266,724469.186899999
פרדס חנה-כרכור,196858.5787,708798.1809
פתח תקווה,189149.1583,666093.816199999
קריית מוצקין,207820.4416,749319.585100001
ראשון לציון,180059.2499,653305.7239
רחובות,182124.8818,644838.534399999
רמלה,187788.6562,648671.0385
רמת גן,183893.5833,663919.6808
רעננה,188265.9198,677187.879799999
שפרעם,216421.4606,745637.819599999
טמרה,218576.1634,751149.905099999
באר שבע,179639.5153,573974.497099999
נהרייה,209222.7146,768575.9583
בית שאן,246964.3138,711142.020300001
זכרון יעקב,195738.3534,719188.9794
יהוד,189773.8429,659773.2686
קריית ביאליק,208917.8599,748920.4834
קריית ים,207045.1885,750439.0922
הוד השרון,189419.3672,673471.490499999
בנימינה,195240.7567,714705.087099999
 ,216035.8757,488813.997099999
 ,201348.0666,454210.374700001
 ,192945.0189,614370.813899999
 ,196438.86,561046.924900001
 ,175067.7499,583706.318299999
 ,191830.1923,577055.0374
 ,197407.9101,573793.638900001
 ,188160.1187,696314.070800001
 ,165682.7795,627182.403000001
 ,171184.218,581629.101500001
 ,210858.7286,679039.6735
 ,206594.6666,701732.2294
 ,223772.8523,676376.2125
 ,206494.463,608554.2269
 ,212539.3343,685373.5744
 ,206289.1365,641859.8763
 ,221528.5221,623175.0132
 ,204474.5066,643917.715399999
 ,196441.7508,602130.293500001
 ,204757.1025,595332.7161
 ,215025.4925,614687.932
 ,231866.6852,676435.4231
 ,234255.949,708756.082900001
 ,226117.2783,671748.657400001
 ,227580.9666,672376.003900001
 ,222817.3373,648254.4486
 ,211346.1759,653462.414100001
 ,227622.6069,679261.0561
 ,211047.2429,693417.9103
 ,206887.7048,648444.679099999
 ,214844.8479,603090.1105
 ,245308.066,699203.519099999
 ,216663.3521,654900.428099999
 ,209506.6229,664487.6372
 ,224685.9902,706650.907
 ,228811.2249,693616.0359
 ,230575.1646,667571.655300001
 ,215397.6807,656023.901900001
 ,204607.6916,652249.8048
 ,152779.0402,605877.8686
 ,136716.7008,583707.031099999
 ,138903.325,590372.3124
 ,132157.6046,579981.393100001
 ,144386.671,598918.2947
 ,135385.4296,587958.117900001
 ,134653.5078,587349.316400001
 ,133544.8069,587226.530300001
 ,128707.0853,581563.2785
 ,131149.711,584930.75
 ,131088.1444,583896.9373
 ,129429.2033,583192.5414
 ,129173.5383,582380.8992
 ,127011.9553,580804.331499999
 ,127496.5455,581552.5562
עדי,216577.5307,743113.4089
מודיעין-מכבים-רעות,201427.4839,645095.493000001
כמון,233988.5138,757473.7772
מכמנים,231176.4617,756924.9615
הררית,234555.0428,750136.7469
גילון,222402.1958,756543.630100001
מנות,218743.4177,771490.1918
גיתה,223755.8821,763571.4903
לבון,227169.5332,760826.7411
הילה,223154.3261,771194.043099999
חרשים,231025.2964,762420.2147
כחל,248003.5334,755309.669399999
קדרים,244775.0079,755963.758099999
עמוקה,249393.0077,766998.1357
צבעון,239364.0342,770116.896500001
טפחות,240653.3947,752881.9441
גורנות הגליל,223674.6198,773860.192600001
כפר סבא,192412.6292,676031.641899999
צפת,247233.3444,763547.357000001
אבירים,227180.9847,771470.602499999
צורית,223909.729,756442.847899999
מצפה אבי"ב,219083.0026,749099.2939
שדי אברהם,136733.4172,569293.746200001
כוכב יאיר,199685.8419,680873.335100001
רביד,243740.0488,750660.107000001
יובלים,225637.8772,753700.2674
יתד,135819.4399,568707.793500001
כלנית,243227.6126,753316.350199999
לבנים,246415.3646,752152.537
פרי גן,138599.6777,570321.6766
יבול,135115.8495,566749.201199999
שורשים,224568.2678,755368.376499999
נירית,198749.2561,672584.955
תלמי יוסף,139082.0514,567913.1055
סופה,137312.2155,572055.816400001
חולית,135725.7349,571304.806399999
עין הבשור,147554.5107,576889.797700001
דקל,137803.359,567354.195900001
נתיב העשרה,156475.1046,608549.4122
סלמה,234220.7874,755474.095899999
עראמשה,221018.9469,778027.5211
קציר-חריש,206985.988,708616.5328
אליפז,200826.8642,411788.2443
הרדוף,216629.3938,740991.3027
כורזים,251894.7982,757207.617699999
אמנון,253965.0715,756630.4012
נטף,206517.7884,637705.744000001
אשרת,214872.2689,764074.3861
חנתון,223157.6009,743314.436100001
מסד,239968.8053,749880.146299999
נווה שלום,198033.0044,636128.1823
רתמים,170320.7887,551403.2523
הר עמשא,209681.086,583602.296700001
כפר ורדים,225466.6028,766771.3774
שומרייה,189199.575,593337.0107
שחרות,199743.9026,424020.7733
מיתר,194306.8407,581618.2619
להבים,182314.3343,586531.904999999
חלוץ,229493.7568,761708.4146
גן נר,231787.9744,715230.6493
אבטליון,233175.2124,749162.8199
נווה חריף,203250.0942,438801.9627
ניצני סיני,142325.7706,535111.476399999
תל תאומים,246872.4884,705364.376
נופית,213999.2806,740506.7454
כרכום,257194.7795,759525.1808
שגב-שלום,184635.0487,567409.710200001
גבעת אלה,223173.7638,736356.799699999
זמר,203638.8605,696682.8234
כמהין,145571.6592,535786.226299999
גבעת אבני,241360.1298,742271.849099999
אור הגנוז,242076.6288,767797.5276
יאנוח-ג'ת,223065.0398,765013.577199999
כסרא-סמיע,228756.6666,763858.1547
כפר חנניה,239947.035,757868.4661
חורה,193766.8383,578567.824899999
שוהם,194974.0339,656128.5426
צורן,194993.9077,688257.558900001
אלעד,196084.9639,661964.4267
לפיד,203182.9131,647171.8868
פורייה עילית,251525.0967,737441.7366
מתן,197621.2738,673927.7688
אל -עריאן,211986.7758,711512.932399999
בת חפר,201472.4294,693309.2336
עין חוד,200271.1724,733029.8923
ארסוף,182858.0904,680098.1074
אחוזת ברק,231953.5738,727683.5584
כמאנה,232845.2984,757166.442199999
חוסנייה,230325.7502,756198.3103
ראס אל-עין,235172.8209,757668.682800001
שמשית,223351.4612,737595.3466
אל -עזי,181495.9896,625435.5506
מגדל תפן,226114.5954,764708.8345
תנובות,196706.793,690362.6788
תלמי אלעזר,198104.3752,705744.155200001
שדה יצחק,199712.93,701072.2908
יובל,256116.4398,794425.775599999
כפר בן נון,195212.4922,640802.750399999
ינון,179432.2654,627826.1011
אורות,174994.6418,627858.659700001
גבעולים,161108.8864,589568.672499999
שדי חמד,194948.0313,674124.4088
רוויה,244586.184,706013.992699999
גבעת חיים (איחוד),193935.4536,700645.327299999
להב,187595.0161,587523.084000001
אום אל-קוטוף,205530.7465,708404.081
ירדנה,253215.4484,719059.4296
מדרך עוז,215139.2366,722291.6436
מנוחה,178913.7601,618356.031199999
רקפת,224918.8827,751311.635600001
שקף,193866.6581,602239.0122
תמרת,221421.4911,734348.8356
לוטן,208213.3386,433106.2028
כרמי יוסף,192583.1972,639498.107899999
מירב,239895.4916,706554.4712
ג'דיידה-מכר,213359.7862,759176.6197
נווה זיו,217390.1082,770221.195599999
נוף איילון,199127.9688,641879.269400001
בן שמן (מושב),192735.1668,651055.532099999
בית חלקיה,182268.7511,633343.4429
חצור הגלילית,251249.5207,765339.5
עדנים,191584.2566,671808.822000001
ברקת,195713.6844,657803.799699999
קריית יערים (מוסד),209854.6912,635142.8017
עין גדי,237144.9168,596206.2437
בחן,201980.2202,695164.286599999
מלילות,161570.1568,588732.699200001
נחלה,180611.5877,618566.0932
סגולה,179212.7322,619862.0407
ניר משה,165006.8821,598513.628900001
ניר עקיבא,166452.5689,597677.465299999
שדה צבי,172630.9847,595388.1646
תלמי ביל"ו,166368.0308,594143.501700001
רווחה,174875.5181,617544.1204
אביטל,229106.8478,718134.727
פרזון,229407.7838,716838.0384
מיטב,228474.4181,716857.832900001
מאור,200663.8771,703067.7731
שדי תרומות,245932.2435,705033.419299999
פעמי תש"ז,170862.9343,594369.226199999
ברוש,164983.0858,586666.932600001
תדהר,164531.5129,587525.7389
תאשור,166115.1355,586767.6534
דישון,248811.4735,776376.421599999
זרועה,164328.1583,596423.1072
טירת כרמל,197226.1643,741428.9135
דימונה,202562.0441,552908.1128
קריית טבעון,211981.2105,735487.756100001
אור יהודה,186522.678,659409.377900001
נשר,204387.792,741926.2926
באר יעקב,185060.4605,650161.852399999
גדרה,179220.0065,635459.007099999
ערד,220256.3067,573833.451300001
אילת,193808.261,385138.276699999
בית שמש,199203.4669,628089.6932
קריית אונו,186802.4399,662891.2008
קריית גת,178645.1995,612555.1406
ראש העין,196219.0173,667109.627800001
רמת השרון,185142.2704,671471.229699999
